Bug ID,Time Taken to fix the bug,,
12986,2.42,0.04%,
12987,2.03,0.03%,
12988,2.74,0.04%,
12989,3.21,0.05%,#NUM!
12990,3.4,0.05%,
12991,4.06,0.06%,
12992,1.98,0.03%,
12993,4.45,0.07%,
12994,4.5,0.07%,
12995,2.8,0.04%,
12996,2.02,0.03%,
12997,2.2,0.03%,
12998,4.95,0.08%,
12999,2.17,0.03%,
13000,3.69,0.06%,
13001,3.85,0.06%,
13002,2.63,0.04%,
13003,1.85,0.03%,
13004,1.99,0.03%,
13005,2.75,0.04%,
13006,2.79,0.04%,
13007,3.82,0.06%,
13008,2.4,0.04%,
13009,3.35,0.05%,
13010,1.55,0.02%,
13011,4.84,0.08%,
13012,4.68,0.07%,
13013,3.45,0.05%,
13014,2.86,0.05%,
13015,3.81,0.06%,
13016,4.7,0.07%,
13017,2.65,0.04%,
13018,3.7,0.06%,
13019,1.75,0.03%,
13020,3.39,0.05%,
13021,2.78,0.04%,
13022,3.3,0.05%,
13023,2.47,0.04%,
13024,4.81,0.08%,
13025,3.98,0.06%,
13026,2.78,0.04%,
13027,3.88,0.06%,
13028,1.8,0.03%,
13029,4.11,0.07%,
13030,3.03,0.05%,
13031,3.35,0.05%,
13032,2.01,0.03%,
13033,2.4,0.04%,
13034,3.01,0.05%,
13035,3.65,0.06%,
13036,4.45,0.07%,
13037,2.4,0.04%,
13038,4.97,0.08%,
13039,2.31,0.04%,
13040,2.79,0.04%,
13041,1.06,0.02%,
13042,2.4,0.04%,
13043,4.43,0.07%,
13044,1.5,0.02%,
13045,3.37,0.05%,
13046,1.33,0.02%,
13047,2.38,0.04%,
13048,2.95,0.05%,
13049,1.72,0.03%,
13050,4.56,0.07%,
13051,1.73,0.03%,
13052,3.58,0.06%,
13053,1.74,0.03%,
13054,4.76,0.08%,
13055,1.84,0.03%,
13056,2.57,0.04%,
13057,4.33,0.07%,
13058,3.25,0.05%,
13059,3.76,0.06%,
13060,1.2,0.02%,
13061,2.93,0.05%,
13062,1.8,0.03%,
13063,4.78,0.08%,
13064,2.2,0.03%,
13065,2.63,0.04%,
13066,1.13,0.02%,
13067,1.27,0.02%,
13068,4.67,0.07%,
13069,1.73,0.03%,
13070,2.08,0.03%,
13071,1.77,0.03%,
13072,1.55,0.02%,
13073,3.05,0.05%,
13074,3.14,0.05%,
13075,1.77,0.03%,
13076,4.66,0.07%,
13077,2.99,0.05%,
13078,3.27,0.05%,
13079,4.98,0.08%,
13080,1.13,0.02%,
13081,3.88,0.06%,
13082,2.8,0.04%,
13083,2.38,0.04%,
13084,3.71,0.06%,
13085,3.99,0.06%,
13086,1.08,0.02%,
13087,3.39,0.05%,
13088,3.27,0.05%,
13089,1.65,0.03%,
13090,1.58,0.02%,
13091,2.26,0.04%,
13092,1.59,0.03%,
13093,2.24,0.04%,
13094,1.4,0.02%,
13095,4,0.06%,
13096,1.18,0.02%,
13097,3.64,0.06%,
13098,4,0.06%,
13099,2.31,0.04%,
13100,1.24,0.02%,
13101,2.49,0.04%,
13102,2.14,0.03%,
13103,1.2,0.02%,
13104,1.21,0.02%,
13105,2.9,0.05%,
13106,4.34,0.07%,
13107,4.43,0.07%,
13108,3.99,0.06%,
13109,1.42,0.02%,
13110,3.89,0.06%,
13111,2.27,0.04%,
13112,4.73,0.07%,
13113,3.34,0.05%,
13114,2.22,0.04%,
13115,3.07,0.05%,
13116,3,0.05%,
13117,2.68,0.04%,
13118,1.36,0.02%,
13119,3.07,0.05%,
13120,2.36,0.04%,
13121,1.33,0.02%,
13122,2.64,0.04%,
13123,2.26,0.04%,
13124,1.38,0.02%,
13125,1.41,0.02%,
13126,2.26,0.04%,
13127,4.19,0.07%,
13128,1.36,0.02%,
13129,2.04,0.03%,
13130,3.86,0.06%,
13131,3.19,0.05%,
13132,3.5,0.06%,
13133,3.94,0.06%,
13134,3.92,0.06%,
13135,4.33,0.07%,
13136,3.35,0.05%,
13137,2.95,0.05%,
13138,3.42,0.05%,
13139,4.56,0.07%,
13140,1.83,0.03%,
13141,1.58,0.02%,
13142,4.78,0.08%,
13143,4.69,0.07%,
13144,2.95,0.05%,
13145,4.5,0.07%,
13146,1.06,0.02%,
13147,1.14,0.02%,
13148,3.61,0.06%,
13149,4.39,0.07%,
13150,4.91,0.08%,
13151,3.49,0.06%,
13152,1.7,0.03%,
13153,3.45,0.05%,
13154,4.81,0.08%,
13155,4.19,0.07%,
13156,3.09,0.05%,
13157,4.09,0.06%,
13158,3.32,0.05%,
13159,3.92,0.06%,
13160,4.75,0.08%,
13161,4.45,0.07%,
13162,4.3,0.07%,
13163,4.24,0.07%,
13164,2.74,0.04%,
13165,3.83,0.06%,
13166,4.4,0.07%,
13167,3.01,0.05%,
13168,3.03,0.05%,
13169,2.87,0.05%,
13170,1.97,0.03%,
13171,1.2,0.02%,
13172,4.8,0.08%,
13173,3.79,0.06%,
13174,2.02,0.03%,
13175,3.93,0.06%,
13176,3.4,0.05%,
13177,4.51,0.07%,
13178,1.9,0.03%,
13179,2.48,0.04%,
13180,3.84,0.06%,
13181,4.34,0.07%,
13182,3.14,0.05%,
13183,4.52,0.07%,
13184,1.2,0.02%,
13185,3.6,0.06%,
13186,1.86,0.03%,
13187,4.46,0.07%,
13188,3.63,0.06%,
13189,1.51,0.02%,
13190,2.38,0.04%,
13191,3.66,0.06%,
13192,3.65,0.06%,
13193,2.77,0.04%,
13194,1.2,0.02%,
13195,4.91,0.08%,
13196,3.84,0.06%,
13197,4.85,0.08%,
13198,1.38,0.02%,
13199,4.18,0.07%,
13200,1.26,0.02%,
13201,4.8,0.08%,
13202,1.17,0.02%,
13203,4.58,0.07%,
13204,3.32,0.05%,
13205,1.08,0.02%,
13206,3.61,0.06%,
13207,3.85,0.06%,
13208,2.63,0.04%,
13209,2.38,0.04%,
13210,1.89,0.03%,
13211,1.41,0.02%,
13212,2.09,0.03%,
13213,4.48,0.07%,
13214,1.79,0.03%,
13215,1.68,0.03%,
13216,4.58,0.07%,
13217,4.38,0.07%,
13218,2.84,0.04%,
13219,2.02,0.03%,
13220,2.95,0.05%,
13221,1.62,0.03%,
13222,4.72,0.07%,
13223,4.14,0.07%,
13224,3.81,0.06%,
13225,2.24,0.04%,
13226,3.07,0.05%,
13227,4.64,0.07%,
13228,2.52,0.04%,
13229,1.33,0.02%,
13230,2.16,0.03%,
13231,3.86,0.06%,
13232,2.63,0.04%,
13233,2.13,0.03%,
13234,1.61,0.03%,
13235,3.55,0.06%,
13236,3.59,0.06%,
13237,4.48,0.07%,
13238,2.1,0.03%,
13239,4.24,0.07%,
13240,1.93,0.03%,
13241,1.26,0.02%,
13242,3.9,0.06%,
13243,3.17,0.05%,
13244,1.74,0.03%,
13245,2.01,0.03%,
13246,2.18,0.03%,
13247,1.26,0.02%,
13248,3.29,0.05%,
13249,2.69,0.04%,
13250,1.92,0.03%,
13251,2.66,0.04%,
13252,3.48,0.06%,
13253,4.53,0.07%,
13254,3.25,0.05%,
13255,3.06,0.05%,
13256,3.27,0.05%,
13257,1.88,0.03%,
13258,4.66,0.07%,
13259,1.14,0.02%,
13260,3.16,0.05%,
13261,1.12,0.02%,
13262,1.96,0.03%,
13263,2.99,0.05%,
13264,3.31,0.05%,
13265,1.16,0.02%,
13266,3.85,0.06%,
13267,1.74,0.03%,
13268,1.62,0.03%,
13269,2.76,0.04%,
13270,4.3,0.07%,
13271,4.52,0.07%,
13272,1.23,0.02%,
13273,3.64,0.06%,
13274,2.93,0.05%,
13275,4.4,0.07%,
13276,4.08,0.06%,
13277,3.53,0.06%,
13278,2.9,0.05%,
13279,1.29,0.02%,
13280,1.96,0.03%,
13281,3.8,0.06%,
13282,4.35,0.07%,
13283,3.6,0.06%,
13284,4.89,0.08%,
13285,1.64,0.03%,
13286,1.03,0.02%,
13287,3.17,0.05%,
13288,2.91,0.05%,
13289,1.29,0.02%,
13290,2.88,0.05%,
13291,1.88,0.03%,
13292,1.39,0.02%,
13293,3.47,0.05%,
13294,4.89,0.08%,
13295,4.52,0.07%,
13296,4.04,0.06%,
13297,4.87,0.08%,
13298,4.76,0.08%,
13299,3.22,0.05%,
13300,4.53,0.07%,
13301,1.94,0.03%,
13302,2.07,0.03%,
13303,3.57,0.06%,
13304,1.91,0.03%,
13305,2.45,0.04%,
13306,1.47,0.02%,
13307,2.17,0.03%,
13308,2.24,0.04%,
13309,4.4,0.07%,
13310,4.02,0.06%,
13311,2.28,0.04%,
13312,4.23,0.07%,
13313,4.05,0.06%,
13314,1.33,0.02%,
13315,1.83,0.03%,
13316,3.84,0.06%,
13317,4.25,0.07%,
13318,2.13,0.03%,
13319,3.39,0.05%,
13320,4.62,0.07%,
13321,4.52,0.07%,
13322,4.78,0.08%,
13323,3.43,0.05%,
13324,1.41,0.02%,
13325,1.13,0.02%,
13326,4.67,0.07%,
13327,3.26,0.05%,
13328,2.24,0.04%,
13329,3.72,0.06%,
13330,1.69,0.03%,
13331,3.52,0.06%,
13332,1.23,0.02%,
13333,4.9,0.08%,
13334,1.98,0.03%,
13335,2.29,0.04%,
13336,4.8,0.08%,
13337,3.88,0.06%,
13338,1.41,0.02%,
13339,3.17,0.05%,
13340,4.72,0.07%,
13341,1.32,0.02%,
13342,1.52,0.02%,
13343,3.11,0.05%,
13344,4.18,0.07%,
13345,1.84,0.03%,
13346,4.7,0.07%,
13347,4.25,0.07%,
13348,2.39,0.04%,
13349,2.94,0.05%,
13350,2.92,0.05%,
13351,1.91,0.03%,
13352,3.22,0.05%,
13353,2.98,0.05%,
13354,3.49,0.06%,
13355,2.3,0.04%,
13356,4.37,0.07%,
13357,3.83,0.06%,
13358,2.47,0.04%,
13359,1.41,0.02%,
13360,1.47,0.02%,
13361,4.86,0.08%,
13362,3.96,0.06%,
13363,4.07,0.06%,
13364,1.66,0.03%,
13365,4.29,0.07%,
13366,3.06,0.05%,
13367,1.97,0.03%,
13368,2.2,0.03%,
13369,2.54,0.04%,
13370,4.95,0.08%,
13371,4.91,0.08%,
13372,2.89,0.05%,
13373,1.29,0.02%,
13374,1.52,0.02%,
13375,2.58,0.04%,
13376,2.38,0.04%,
13377,2.64,0.04%,
13378,3.2,0.05%,
13379,2.54,0.04%,
13380,2.34,0.04%,
13381,2.49,0.04%,
13382,3.05,0.05%,
13383,1.28,0.02%,
13384,1.34,0.02%,
13385,1.56,0.02%,
13386,2.96,0.05%,
13387,2.26,0.04%,
13388,4.28,0.07%,
13389,2.3,0.04%,
13390,1.81,0.03%,
13391,2.27,0.04%,
13392,2.51,0.04%,
13393,3.35,0.05%,
13394,4.33,0.07%,
13395,4.6,0.07%,
13396,4.2,0.07%,
13397,2.28,0.04%,
13398,4.58,0.07%,
13399,3.43,0.05%,
13400,1.96,0.03%,
13401,4.52,0.07%,
13402,2.19,0.03%,
13403,1.49,0.02%,
13404,1.02,0.02%,
13405,4.8,0.08%,
13406,3.2,0.05%,
13407,4.26,0.07%,
13408,4.56,0.07%,
13409,3.38,0.05%,
13410,1.98,0.03%,
13411,3.35,0.05%,
13412,4.96,0.08%,
13413,1.74,0.03%,
13414,4.08,0.06%,
13415,3.76,0.06%,
13416,1.78,0.03%,
13417,1.48,0.02%,
13418,2.06,0.03%,
13419,3.78,0.06%,
13420,1.36,0.02%,
13421,3.23,0.05%,
13422,1.78,0.03%,
13423,1.33,0.02%,
13424,3.53,0.06%,
13425,3.98,0.06%,
13426,4.84,0.08%,
13427,1.69,0.03%,
13428,2.76,0.04%,
13429,1.63,0.03%,
13430,3.26,0.05%,
13431,2.71,0.04%,
13432,2.77,0.04%,
13433,2.29,0.04%,
13434,1.51,0.02%,
13435,4.96,0.08%,
13436,3.03,0.05%,
13437,2.29,0.04%,
13438,3.42,0.05%,
13439,4.09,0.06%,
13440,4.17,0.07%,
13441,2.4,0.04%,
13442,2.23,0.04%,
13443,3.45,0.05%,
13444,1.35,0.02%,
13445,2.06,0.03%,
13446,2.33,0.04%,
13447,2.18,0.03%,
13448,3.12,0.05%,
13449,3.17,0.05%,
13450,3.44,0.05%,
13451,3.02,0.05%,
13452,4.16,0.07%,
13453,2.5,0.04%,
13454,2.68,0.04%,
13455,2.03,0.03%,
13456,2.52,0.04%,
13457,1.61,0.03%,
13458,2.28,0.04%,
13459,4.18,0.07%,
13460,1.19,0.02%,
13461,4.78,0.08%,
13462,3.46,0.05%,
13463,1.78,0.03%,
13464,2.38,0.04%,
13465,1.43,0.02%,
13466,2.84,0.04%,
13467,4.9,0.08%,
13468,1.2,0.02%,
13469,1.22,0.02%,
13470,3.84,0.06%,
13471,1.96,0.03%,
13472,1.37,0.02%,
13473,3.8,0.06%,
13474,3.69,0.06%,
13475,2.78,0.04%,
13476,3.07,0.05%,
13477,3.23,0.05%,
13478,2.6,0.04%,
13479,4.06,0.06%,
13480,4.54,0.07%,
13481,1.23,0.02%,
13482,1.53,0.02%,
13483,2.1,0.03%,
13484,3.72,0.06%,
13485,3.28,0.05%,
13486,3.54,0.06%,
13487,3.43,0.05%,
13488,1.11,0.02%,
13489,1.59,0.03%,
13490,2.53,0.04%,
13491,1.11,0.02%,
13492,2.52,0.04%,
13493,2.24,0.04%,
13494,3.86,0.06%,
13495,3.38,0.05%,
13496,1.33,0.02%,
13497,1.93,0.03%,
13498,3.27,0.05%,
13499,2.05,0.03%,
13500,4.69,0.07%,
13501,2.37,0.04%,
13502,4.48,0.07%,
13503,2.9,0.05%,
13504,2.48,0.04%,
13505,2.97,0.05%,
13506,2.57,0.04%,
13507,1.28,0.02%,
13508,1.33,0.02%,
13509,1.12,0.02%,
13510,3.5,0.06%,
13511,3.41,0.05%,
13512,3.98,0.06%,
13513,4.3,0.07%,
13514,1.57,0.02%,
13515,1.96,0.03%,
13516,3.39,0.05%,
13517,3.44,0.05%,
13518,4.65,0.07%,
13519,4.58,0.07%,
13520,4.56,0.07%,
13521,4.09,0.06%,
13522,4.04,0.06%,
13523,1.02,0.02%,
13524,2.92,0.05%,
13525,1.46,0.02%,
13526,2.24,0.04%,
13527,4.85,0.08%,
13528,3.86,0.06%,
13529,4.81,0.08%,
13530,2.35,0.04%,
13531,3.38,0.05%,
13532,1.85,0.03%,
13533,1.8,0.03%,
13534,4.54,0.07%,
13535,2.66,0.04%,
13536,4.04,0.06%,
13537,1.43,0.02%,
13538,3.96,0.06%,
13539,3.01,0.05%,
13540,3,0.05%,
13541,3.63,0.06%,
13542,4.21,0.07%,
13543,2.24,0.04%,
13544,3.71,0.06%,
13545,2.8,0.04%,
13546,2.12,0.03%,
13547,1.68,0.03%,
13548,2.97,0.05%,
13549,3.6,0.06%,
13550,4.94,0.08%,
13551,4.21,0.07%,
13552,4.75,0.08%,
13553,2.92,0.05%,
13554,1.65,0.03%,
13555,1.86,0.03%,
13556,3.47,0.05%,
13557,4.07,0.06%,
13558,1.53,0.02%,
13559,4.14,0.07%,
13560,3.29,0.05%,
13561,3.09,0.05%,
13562,1.53,0.02%,
13563,1.84,0.03%,
13564,4.11,0.07%,
13565,1.26,0.02%,
13566,4.73,0.07%,
13567,4.02,0.06%,
13568,2.49,0.04%,
13569,2.43,0.04%,
13570,3.21,0.05%,
13571,1.37,0.02%,
13572,4.08,0.06%,
13573,1.94,0.03%,
13574,3.6,0.06%,
13575,1.17,0.02%,
13576,1.26,0.02%,
13577,1.44,0.02%,
13578,1.21,0.02%,
13579,4.9,0.08%,
13580,3.44,0.05%,
13581,4.46,0.07%,
13582,1.61,0.03%,
13583,2.33,0.04%,
13584,1.86,0.03%,
13585,1.73,0.03%,
13586,2.22,0.04%,
13587,1.75,0.03%,
13588,1.67,0.03%,
13589,4.27,0.07%,
13590,2.32,0.04%,
13591,1.4,0.02%,
13592,3.27,0.05%,
13593,4.38,0.07%,
13594,3.51,0.06%,
13595,4.85,0.08%,
13596,2.2,0.03%,
13597,3.38,0.05%,
13598,4.64,0.07%,
13599,2.94,0.05%,
13600,1.36,0.02%,
13601,3.38,0.05%,
13602,4.5,0.07%,
13603,3.87,0.06%,
13604,2.23,0.04%,
13605,1.53,0.02%,
13606,4.49,0.07%,
13607,2.92,0.05%,
13608,3.28,0.05%,
13609,2.31,0.04%,
13610,4.15,0.07%,
13611,2.51,0.04%,
13612,2.12,0.03%,
13613,2.28,0.04%,
13614,3.42,0.05%,
13615,3.5,0.06%,
13616,4.32,0.07%,
13617,2.48,0.04%,
13618,3.57,0.06%,
13619,4.33,0.07%,
13620,3.21,0.05%,
13621,2.77,0.04%,
13622,4.75,0.08%,
13623,4.86,0.08%,
13624,2.49,0.04%,
13625,3.89,0.06%,
13626,2.65,0.04%,
13627,3.83,0.06%,
13628,2.09,0.03%,
13629,3.26,0.05%,
13630,1.8,0.03%,
13631,1.08,0.02%,
13632,1.76,0.03%,
13633,3.43,0.05%,
13634,3.63,0.06%,
13635,4.64,0.07%,
13636,1.77,0.03%,
13637,3.28,0.05%,
13638,4.47,0.07%,
13639,2.48,0.04%,
13640,1.15,0.02%,
13641,4.59,0.07%,
13642,2.58,0.04%,
13643,2.56,0.04%,
13644,3,0.05%,
13645,3.35,0.05%,
13646,2.34,0.04%,
13647,3.24,0.05%,
13648,4.34,0.07%,
13649,4.49,0.07%,
13650,2.79,0.04%,
13651,2.24,0.04%,
13652,3.06,0.05%,
13653,2.47,0.04%,
13654,4.73,0.07%,
13655,2.82,0.04%,
13656,1.86,0.03%,
13657,2.27,0.04%,
13658,2.89,0.05%,
13659,3.25,0.05%,
13660,2.32,0.04%,
13661,1.45,0.02%,
13662,4.5,0.07%,
13663,3.82,0.06%,
13664,4.72,0.07%,
13665,2.78,0.04%,
13666,2.29,0.04%,
13667,3.09,0.05%,
13668,2.71,0.04%,
13669,4.59,0.07%,
13670,2.85,0.05%,
13671,1.47,0.02%,
13672,1.75,0.03%,
13673,4.62,0.07%,
13674,4.45,0.07%,
13675,3.81,0.06%,
13676,3.49,0.06%,
13677,1.3,0.02%,
13678,4.48,0.07%,
13679,3.43,0.05%,
13680,3.7,0.06%,
13681,1.68,0.03%,
13682,3.45,0.05%,
13683,2.21,0.03%,
13684,2.25,0.04%,
13685,3.33,0.05%,
13686,3.67,0.06%,
13687,3.03,0.05%,
13688,1.66,0.03%,
13689,3.94,0.06%,
13690,3.67,0.06%,
13691,2.19,0.03%,
13692,3.45,0.05%,
13693,1.93,0.03%,
13694,1.24,0.02%,
13695,2.69,0.04%,
13696,3.74,0.06%,
13697,1.06,0.02%,
13698,2.32,0.04%,
13699,3.65,0.06%,
13700,2.66,0.04%,
13701,3.31,0.05%,
13702,2.2,0.03%,
13703,3.41,0.05%,
13704,1.76,0.03%,
13705,3.95,0.06%,
13706,3.03,0.05%,
13707,3.42,0.05%,
13708,2.4,0.04%,
13709,2.82,0.04%,
13710,4.12,0.07%,
13711,2.64,0.04%,
13712,3.73,0.06%,
13713,3.28,0.05%,
13714,4.71,0.07%,
13715,2.04,0.03%,
13716,2.11,0.03%,
13717,4.3,0.07%,
13718,3.17,0.05%,
13719,3.03,0.05%,
13720,4.11,0.07%,
13721,3.95,0.06%,
13722,3.36,0.05%,
13723,3.2,0.05%,
13724,1.83,0.03%,
13725,2.92,0.05%,
13726,2.04,0.03%,
13727,4.1,0.06%,
13728,3.37,0.05%,
13729,2.3,0.04%,
13730,1.8,0.03%,
13731,3.29,0.05%,
13732,2.25,0.04%,
13733,2.35,0.04%,
13734,2.02,0.03%,
13735,1.91,0.03%,
13736,2.45,0.04%,
13737,4.26,0.07%,
13738,4.97,0.08%,
13739,3.62,0.06%,
13740,3.02,0.05%,
13741,2.93,0.05%,
13742,1.26,0.02%,
13743,4.23,0.07%,
13744,4.44,0.07%,
13745,4.05,0.06%,
13746,1.53,0.02%,
13747,2,0.03%,
13748,2.11,0.03%,
13749,2.5,0.04%,
13750,3.17,0.05%,
13751,4.16,0.07%,
13752,1.5,0.02%,
13753,2.66,0.04%,
13754,3.12,0.05%,
13755,1.05,0.02%,
13756,4.93,0.08%,
13757,2.35,0.04%,
13758,2.91,0.05%,
13759,4.38,0.07%,
13760,3.29,0.05%,
13761,3.88,0.06%,
13762,3.37,0.05%,
13763,4.87,0.08%,
13764,1.03,0.02%,
13765,2.56,0.04%,
13766,4.06,0.06%,
13767,1.69,0.03%,
13768,1.4,0.02%,
13769,3.45,0.05%,
13770,1.61,0.03%,
13771,3.7,0.06%,
13772,3.19,0.05%,
13773,1.34,0.02%,
13774,2.89,0.05%,
13775,4.19,0.07%,
13776,4.8,0.08%,
13777,2.59,0.04%,
13778,2.05,0.03%,
13779,1.43,0.02%,
13780,4.9,0.08%,
13781,4.25,0.07%,
13782,3.17,0.05%,
13783,3.61,0.06%,
13784,3.95,0.06%,
13785,3.67,0.06%,
13786,2.12,0.03%,
13787,4.97,0.08%,
13788,3.57,0.06%,
13789,4.72,0.07%,
13790,2.53,0.04%,
13791,4.43,0.07%,
13792,3.7,0.06%,
13793,4.4,0.07%,
13794,2.6,0.04%,
13795,4.52,0.07%,
13796,2.58,0.04%,
13797,2.85,0.05%,
13798,2.53,0.04%,
13799,1.91,0.03%,
13800,2.99,0.05%,
13801,3.28,0.05%,
13802,2.41,0.04%,
13803,1.25,0.02%,
13804,4.03,0.06%,
13805,1.6,0.03%,
13806,2.02,0.03%,
13807,3.61,0.06%,
13808,2.3,0.04%,
13809,3.69,0.06%,
13810,4.31,0.07%,
13811,2,0.03%,
13812,4.42,0.07%,
13813,2.57,0.04%,
13814,3.28,0.05%,
13815,2.55,0.04%,
13816,3.82,0.06%,
13817,3,0.05%,
13818,3.96,0.06%,
13819,4.49,0.07%,
13820,1.08,0.02%,
13821,2.45,0.04%,
13822,3.87,0.06%,
13823,4.09,0.06%,
13824,3.47,0.05%,
13825,2.26,0.04%,
13826,2.5,0.04%,
13827,1.41,0.02%,
13828,4.13,0.07%,
13829,1.26,0.02%,
13830,3.86,0.06%,
13831,4.37,0.07%,
13832,2.19,0.03%,
13833,4.04,0.06%,
13834,4.45,0.07%,
13835,4.33,0.07%,
13836,2.28,0.04%,
13837,4.32,0.07%,
13838,1.55,0.02%,
13839,3.87,0.06%,
13840,1.76,0.03%,
13841,2.19,0.03%,
13842,3.8,0.06%,
13843,4.73,0.07%,
13844,4.76,0.08%,
13845,3.56,0.06%,
13846,2.23,0.04%,
13847,4.27,0.07%,
13848,1.08,0.02%,
13849,2.06,0.03%,
13850,2.68,0.04%,
13851,1.56,0.02%,
13852,1.26,0.02%,
13853,1.8,0.03%,
13854,3.31,0.05%,
13855,4.51,0.07%,
13856,4.64,0.07%,
13857,1.85,0.03%,
13858,1.71,0.03%,
13859,1.66,0.03%,
13860,2.5,0.04%,
13861,3.55,0.06%,
13862,1.74,0.03%,
13863,2.82,0.04%,
13864,4.46,0.07%,
13865,4.13,0.07%,
13866,1.83,0.03%,
13867,1.44,0.02%,
13868,1.23,0.02%,
13869,1.69,0.03%,
13870,2.58,0.04%,
13871,4.2,0.07%,
13872,4.64,0.07%,
13873,3.41,0.05%,
13874,3.21,0.05%,
13875,3.5,0.06%,
13876,4.23,0.07%,
13877,4.16,0.07%,
13878,1.85,0.03%,
13879,1.35,0.02%,
13880,1.62,0.03%,
13881,1.83,0.03%,
13882,2.58,0.04%,
13883,3.52,0.06%,
13884,2.77,0.04%,
13885,2.07,0.03%,
13886,3.16,0.05%,
13887,4.24,0.07%,
13888,3.78,0.06%,
13889,4.57,0.07%,
13890,1.69,0.03%,
13891,3.23,0.05%,
13892,4.16,0.07%,
13893,1.95,0.03%,
13894,4.85,0.08%,
13895,1.06,0.02%,
13896,1.35,0.02%,
13897,3.92,0.06%,
13898,3.7,0.06%,
13899,4.33,0.07%,
13900,3.1,0.05%,
13901,2.21,0.03%,
13902,2.11,0.03%,
13903,1.27,0.02%,
13904,2.05,0.03%,
13905,2.65,0.04%,
13906,3.02,0.05%,
13907,2.97,0.05%,
13908,1.49,0.02%,
13909,1.92,0.03%,
13910,3.4,0.05%,
13911,2.55,0.04%,
13912,3.31,0.05%,
13913,4.9,0.08%,
13914,2.63,0.04%,
13915,4.38,0.07%,
13916,3.19,0.05%,
13917,2.21,0.03%,
13918,4.47,0.07%,
13919,2.81,0.04%,
13920,2.44,0.04%,
13921,3.42,0.05%,
13922,4.68,0.07%,
13923,4.42,0.07%,
13924,4.89,0.08%,
13925,3.96,0.06%,
13926,4.89,0.08%,
13927,1.84,0.03%,
13928,3.32,0.05%,
13929,3.58,0.06%,
13930,3.53,0.06%,
13931,2.03,0.03%,
13932,4.68,0.07%,
13933,3.73,0.06%,
13934,3.87,0.06%,
13935,1.19,0.02%,
13936,3.63,0.06%,
13937,1.42,0.02%,
13938,1.97,0.03%,
13939,1.92,0.03%,
13940,1.98,0.03%,
13941,2.65,0.04%,
13942,4.05,0.06%,
13943,3.61,0.06%,
13944,4.99,0.08%,
13945,3.69,0.06%,
13946,2.04,0.03%,
13947,3.56,0.06%,
13948,1.29,0.02%,
13949,2.42,0.04%,
13950,2.64,0.04%,
13951,1.97,0.03%,
13952,1.05,0.02%,
13953,3.76,0.06%,
13954,3.79,0.06%,
13955,3.67,0.06%,
13956,3.53,0.06%,
13957,4.01,0.06%,
13958,2.98,0.05%,
13959,3.91,0.06%,
13960,1.88,0.03%,
13961,4.56,0.07%,
13962,1.08,0.02%,
13963,2.96,0.05%,
13964,3.79,0.06%,
13965,1.28,0.02%,
13966,1.07,0.02%,
13967,4.06,0.06%,
13968,4.37,0.07%,
13969,1.83,0.03%,
13970,3.12,0.05%,
13971,4.66,0.07%,
13972,2.99,0.05%,
13973,1.56,0.02%,
13974,2.24,0.04%,
13975,3.32,0.05%,
13976,2.62,0.04%,
13977,3.96,0.06%,
13978,1.93,0.03%,
13979,4.39,0.07%,
13980,2.63,0.04%,
13981,2.8,0.04%,
13982,1.31,0.02%,
13983,3.43,0.05%,
13984,1.51,0.02%,
13985,4.86,0.08%,
13986,4.99,0.08%,
13987,3.3,0.05%,
13988,2.9,0.05%,
13989,1.21,0.02%,
13990,2.37,0.04%,
13991,2.81,0.04%,
13992,2.42,0.04%,
13993,1.01,0.02%,
13994,2.32,0.04%,
13995,1.02,0.02%,
13996,4.36,0.07%,
13997,4.62,0.07%,
13998,3.45,0.05%,
13999,4.93,0.08%,
14000,1.75,0.03%,
14001,1.97,0.03%,
14002,3.81,0.06%,
14003,3.62,0.06%,
14004,4.86,0.08%,
14005,1.75,0.03%,
14006,1.7,0.03%,
14007,4.94,0.08%,
14008,3.42,0.05%,
14009,1.86,0.03%,
14010,1.5,0.02%,
14011,2.62,0.04%,
14012,2.6,0.04%,
14013,1.04,0.02%,
14014,4.65,0.07%,
14015,4.62,0.07%,
14016,4.66,0.07%,
14017,4.26,0.07%,
14018,2.56,0.04%,
14019,2.32,0.04%,
14020,2.57,0.04%,
14021,2.43,0.04%,
14022,2.82,0.04%,
14023,4.25,0.07%,
14024,4.73,0.07%,
14025,3.13,0.05%,
14026,2.21,0.03%,
14027,2.81,0.04%,
14028,3.23,0.05%,
14029,3.87,0.06%,
14030,3.89,0.06%,
14031,4.35,0.07%,
14032,4.47,0.07%,
14033,3.12,0.05%,
14034,2.19,0.03%,
14035,3.31,0.05%,
14036,1.06,0.02%,
14037,3.1,0.05%,
14038,3.3,0.05%,
14039,4.67,0.07%,
14040,3.5,0.06%,
14041,3.42,0.05%,
14042,1.34,0.02%,
14043,1.25,0.02%,
14044,3.52,0.06%,
14045,3.72,0.06%,
14046,1.86,0.03%,
14047,1.07,0.02%,
14048,4.53,0.07%,
14049,3.6,0.06%,
14050,1.58,0.02%,
14051,3.85,0.06%,
14052,4.37,0.07%,
14053,2.69,0.04%,
14054,2.63,0.04%,
14055,2.67,0.04%,
14056,4.88,0.08%,
14057,3.01,0.05%,
14058,1.16,0.02%,
14059,3.79,0.06%,
14060,4.31,0.07%,
14061,4.14,0.07%,
14062,2.69,0.04%,
14063,1.3,0.02%,
14064,4.49,0.07%,
14065,1.34,0.02%,
14066,4.55,0.07%,
14067,3.24,0.05%,
14068,4.11,0.07%,
14069,4.92,0.08%,
14070,2.49,0.04%,
14071,3.03,0.05%,
14072,3.37,0.05%,
14073,1.98,0.03%,
14074,4.61,0.07%,
14075,4.35,0.07%,
14076,1.57,0.02%,
14077,4.73,0.07%,
14078,3.32,0.05%,
14079,1.81,0.03%,
14080,4.07,0.06%,
14081,3.98,0.06%,
14082,1.67,0.03%,
14083,1.55,0.02%,
14084,3.52,0.06%,
14085,2.63,0.04%,
14086,2.01,0.03%,
14087,4.29,0.07%,
14088,2.86,0.05%,
14089,2.85,0.05%,
14090,2.49,0.04%,
14091,2.83,0.04%,
14092,2.59,0.04%,
14093,4.15,0.07%,
14094,4.8,0.08%,
14095,4.75,0.08%,
14096,1.14,0.02%,
14097,3.17,0.05%,
14098,4.53,0.07%,
14099,4.97,0.08%,
14100,4.21,0.07%,
14101,1.23,0.02%,
14102,3.29,0.05%,
14103,2.9,0.05%,
14104,4.91,0.08%,
14105,4.08,0.06%,
14106,2.18,0.03%,
14107,2.77,0.04%,
14108,1.45,0.02%,
14109,3.57,0.06%,
14110,2.58,0.04%,
14111,4.09,0.06%,
14112,2.52,0.04%,
14113,2.21,0.03%,
14114,4.24,0.07%,
14115,4.14,0.07%,
14116,2.11,0.03%,
14117,3.47,0.05%,
14118,1.16,0.02%,
14119,3.6,0.06%,
14120,2.06,0.03%,
14121,4.8,0.08%,
14122,4.89,0.08%,
14123,1.45,0.02%,
14124,4.53,0.07%,
14125,3.61,0.06%,
14126,1.13,0.02%,
14127,1.42,0.02%,
14128,4.59,0.07%,
14129,5,0.08%,
14130,3,0.05%,
14131,3.72,0.06%,
14132,2.94,0.05%,
14133,4.75,0.08%,
14134,1.8,0.03%,
14135,3.65,0.06%,
14136,2.87,0.05%,
14137,2.59,0.04%,
14138,3.57,0.06%,
14139,2.17,0.03%,
14140,4.78,0.08%,
14141,1.23,0.02%,
14142,4.3,0.07%,
14143,3.25,0.05%,
14144,1.44,0.02%,
14145,4.99,0.08%,
14146,1.94,0.03%,
14147,1.21,0.02%,
14148,3.1,0.05%,
14149,4.22,0.07%,
14150,1.56,0.02%,
14151,3.44,0.05%,
14152,4.77,0.08%,
14153,2.59,0.04%,
14154,1.05,0.02%,
14155,1.36,0.02%,
14156,1.28,0.02%,
14157,2.08,0.03%,
14158,2.9,0.05%,
14159,1.83,0.03%,
14160,2.56,0.04%,
14161,4.39,0.07%,
14162,4.47,0.07%,
14163,1.32,0.02%,
14164,2.53,0.04%,
14165,4.11,0.07%,
14166,2.07,0.03%,
14167,1.4,0.02%,
14168,1.95,0.03%,
14169,4.39,0.07%,
14170,4.36,0.07%,
14171,1.75,0.03%,
14172,2.59,0.04%,
14173,2.6,0.04%,
14174,4.42,0.07%,
14175,2.73,0.04%,
14176,2.79,0.04%,
14177,4.05,0.06%,
14178,1.29,0.02%,
14179,4.49,0.07%,
14180,4.23,0.07%,
14181,4.65,0.07%,
14182,2.57,0.04%,
14183,4.89,0.08%,
14184,2.2,0.03%,
14185,2.36,0.04%,
14186,1.77,0.03%,
14187,2.67,0.04%,
14188,1.09,0.02%,
14189,2.77,0.04%,
14190,4.49,0.07%,
14191,2.95,0.05%,
14192,4.83,0.08%,
14193,4.95,0.08%,
14194,4.17,0.07%,
14195,1.08,0.02%,
14196,1.24,0.02%,
14197,4.82,0.08%,
14198,1.38,0.02%,
14199,4.22,0.07%,
14200,4.23,0.07%,
14201,2.84,0.04%,
14202,2.81,0.04%,
14203,1.06,0.02%,
14204,2.79,0.04%,
14205,1.45,0.02%,
14206,2.03,0.03%,
14207,1.75,0.03%,
14208,4.64,0.07%,
14209,2.82,0.04%,
14210,3.71,0.06%,
14211,1.56,0.02%,
14212,1.12,0.02%,
14213,2.86,0.05%,
14214,1.15,0.02%,
14215,1.62,0.03%,
14216,2.57,0.04%,
14217,4.87,0.08%,
14218,1.42,0.02%,
14219,4.07,0.06%,
14220,2.59,0.04%,
14221,3.32,0.05%,
14222,1.66,0.03%,
14223,3.68,0.06%,
14224,2.95,0.05%,
14225,2.22,0.04%,
14226,1.41,0.02%,
14227,4.57,0.07%,
14228,1.37,0.02%,
14229,3.76,0.06%,
14230,2.22,0.04%,
14231,1.39,0.02%,
14232,3.96,0.06%,
14233,3.43,0.05%,
14234,4.14,0.07%,
14235,4.16,0.07%,
14236,2.57,0.04%,
14237,3.13,0.05%,
14238,3.69,0.06%,
14239,3.68,0.06%,
14240,2.84,0.04%,
14241,3.85,0.06%,
14242,4.07,0.06%,
14243,4.71,0.07%,
14244,1.3,0.02%,
14245,2.08,0.03%,
14246,3.9,0.06%,
14247,2.1,0.03%,
14248,3.55,0.06%,
14249,1.09,0.02%,
14250,2.65,0.04%,
14251,3.32,0.05%,
14252,1.18,0.02%,
14253,1.15,0.02%,
14254,1.76,0.03%,
14255,3.95,0.06%,
14256,2.32,0.04%,
14257,4.36,0.07%,
14258,2.18,0.03%,
14259,3.42,0.05%,
14260,3.88,0.06%,
14261,4.99,0.08%,
14262,3.12,0.05%,
14263,1.62,0.03%,
14264,3.43,0.05%,
14265,2.27,0.04%,
14266,1.82,0.03%,
14267,3.78,0.06%,
14268,1.66,0.03%,
14269,4.37,0.07%,
14270,2.11,0.03%,
14271,4.64,0.07%,
14272,4.23,0.07%,
14273,2.5,0.04%,
14274,2.43,0.04%,
14275,4.76,0.08%,
14276,3.71,0.06%,
14277,1.03,0.02%,
14278,4.78,0.08%,
14279,2.25,0.04%,
14280,3.31,0.05%,
14281,2.44,0.04%,
14282,3.26,0.05%,
14283,1.8,0.03%,
14284,1.86,0.03%,
14285,3.56,0.06%,
14286,3.25,0.05%,
14287,3.65,0.06%,
14288,2.49,0.04%,
14289,2.47,0.04%,
14290,4.69,0.07%,
14291,4.72,0.07%,
14292,4.31,0.07%,
14293,2.12,0.03%,
14294,1.23,0.02%,
14295,3.62,0.06%,
14296,3.59,0.06%,
14297,2.95,0.05%,
14298,1.7,0.03%,
14299,3.03,0.05%,
14300,4.41,0.07%,
14301,4.34,0.07%,
14302,1.76,0.03%,
14303,1.9,0.03%,
14304,4.45,0.07%,
14305,3.87,0.06%,
14306,3.02,0.05%,
14307,1.83,0.03%,
14308,2.74,0.04%,
14309,3.14,0.05%,
14310,3.69,0.06%,
14311,4.52,0.07%,
14312,2.38,0.04%,
14313,2.21,0.03%,
14314,1.38,0.02%,
14315,3.27,0.05%,
14316,1.36,0.02%,
14317,4.52,0.07%,
14318,2.09,0.03%,
14319,1.79,0.03%,
14320,1.92,0.03%,
14321,4.88,0.08%,
14322,4.73,0.07%,
14323,1.16,0.02%,
14324,4.34,0.07%,
14325,1.79,0.03%,
14326,2.77,0.04%,
14327,1.36,0.02%,
14328,2.81,0.04%,
14329,3.41,0.05%,
14330,4.08,0.06%,
14331,1.18,0.02%,
14332,2.51,0.04%,
14333,3.05,0.05%,
14334,2.72,0.04%,
14335,4.8,0.08%,
14336,1.39,0.02%,
14337,1.88,0.03%,
14338,4.89,0.08%,
14339,3.69,0.06%,
14340,4.27,0.07%,
14341,1.37,0.02%,
14342,2.6,0.04%,
14343,4.25,0.07%,
14344,2.21,0.03%,
14345,1.13,0.02%,
14346,4.66,0.07%,
14347,1.6,0.03%,
14348,2.23,0.04%,
14349,2.18,0.03%,
14350,1.76,0.03%,
14351,1.92,0.03%,
14352,2.23,0.04%,
14353,2.68,0.04%,
14354,4.91,0.08%,
14355,3.94,0.06%,
14356,4.07,0.06%,
14357,4.94,0.08%,
14358,4.26,0.07%,
14359,4.78,0.08%,
14360,4.75,0.08%,
14361,1.86,0.03%,
14362,2.26,0.04%,
14363,3.29,0.05%,
14364,4.15,0.07%,
14365,2.98,0.05%,
14366,2.46,0.04%,
14367,3.67,0.06%,
14368,4.04,0.06%,
14369,1.25,0.02%,
14370,2.85,0.05%,
14371,3.16,0.05%,
14372,2.38,0.04%,
14373,2.06,0.03%,
14374,3.32,0.05%,
14375,1.4,0.02%,
14376,2.99,0.05%,
14377,1.22,0.02%,
14378,4.86,0.08%,
14379,2.48,0.04%,
14380,3.04,0.05%,
14381,4.33,0.07%,
14382,1.97,0.03%,
14383,3.6,0.06%,
14384,3.65,0.06%,
14385,2.96,0.05%,
14386,4.53,0.07%,
14387,3.98,0.06%,
14388,4.61,0.07%,
14389,1.26,0.02%,
14390,3.66,0.06%,
14391,3.28,0.05%,
14392,4.09,0.06%,
14393,4.09,0.06%,
14394,4.52,0.07%,
14395,1.2,0.02%,
14396,2.48,0.04%,
14397,4.65,0.07%,
14398,2.29,0.04%,
14399,4.15,0.07%,
14400,1.11,0.02%,
14401,1.72,0.03%,
14402,2.5,0.04%,
14403,4.59,0.07%,
14404,1.68,0.03%,
14405,2.12,0.03%,
14406,4.33,0.07%,
14407,4.01,0.06%,
14408,3.9,0.06%,
14409,4.92,0.08%,
14410,2.57,0.04%,
14411,4.15,0.07%,
14412,2.06,0.03%,
14413,4.11,0.07%,
14414,3.62,0.06%,
14415,3.61,0.06%,
14416,1.28,0.02%,
14417,4.11,0.07%,
14418,5,0.08%,
14419,3.64,0.06%,
14420,4.8,0.08%,
14421,3.79,0.06%,
14422,2.46,0.04%,
14423,3.92,0.06%,
14424,3.41,0.05%,
14425,3.06,0.05%,
14426,2.15,0.03%,
14427,3.69,0.06%,
14428,2.09,0.03%,
14429,3.81,0.06%,
14430,3.17,0.05%,
14431,4.23,0.07%,
14432,1.37,0.02%,
14433,1.59,0.03%,
14434,1.45,0.02%,
14435,3.36,0.05%,
14436,3.1,0.05%,
14437,1.02,0.02%,
14438,3.15,0.05%,
14439,1.53,0.02%,
14440,1.46,0.02%,
14441,3.59,0.06%,
14442,2.67,0.04%,
14443,4.83,0.08%,
14444,3.15,0.05%,
14445,3.18,0.05%,
14446,4.03,0.06%,
14447,2.62,0.04%,
14448,4.81,0.08%,
14449,4.19,0.07%,
14450,4.92,0.08%,
14451,3.65,0.06%,
14452,2.54,0.04%,
14453,2.88,0.05%,
14454,4.68,0.07%,
14455,4.71,0.07%,
14456,2.88,0.05%,
14457,4.01,0.06%,
14458,2.56,0.04%,
14459,3.19,0.05%,
14460,3.11,0.05%,
14461,1.31,0.02%,
14462,3.44,0.05%,
14463,4.67,0.07%,
14464,3.26,0.05%,
14465,4.85,0.08%,
14466,2.37,0.04%,
14467,3.75,0.06%,
14468,3.46,0.05%,
14469,3.89,0.06%,
14470,2.04,0.03%,
14471,4.46,0.07%,
14472,2.04,0.03%,
14473,3.6,0.06%,
14474,3.71,0.06%,
14475,1.68,0.03%,
14476,2.84,0.04%,
14477,4,0.06%,
14478,1.49,0.02%,
14479,3.51,0.06%,
14480,1.63,0.03%,
14481,1.13,0.02%,
14482,4.75,0.08%,
14483,3.79,0.06%,
14484,2,0.03%,
14485,1.95,0.03%,
14486,3.03,0.05%,
14487,1.16,0.02%,
14488,1.77,0.03%,
14489,2.49,0.04%,
14490,4.51,0.07%,
14491,3.42,0.05%,
14492,4.46,0.07%,
14493,1.37,0.02%,
14494,3.26,0.05%,
14495,3.86,0.06%,
14496,1.27,0.02%,
14497,1.4,0.02%,
14498,1.71,0.03%,
14499,3.93,0.06%,
14500,4.89,0.08%,
14501,1.92,0.03%,
14502,4.77,0.08%,
14503,2.73,0.04%,
14504,4.42,0.07%,
14505,2.68,0.04%,
14506,3.76,0.06%,
14507,4.33,0.07%,
14508,1.04,0.02%,
14509,2.44,0.04%,
14510,4.63,0.07%,
14511,3.35,0.05%,
14512,2.43,0.04%,
14513,1.9,0.03%,
14514,3.49,0.06%,
14515,1.88,0.03%,
14516,1.87,0.03%,
14517,3.32,0.05%,
14518,1.08,0.02%,
14519,1.91,0.03%,
14520,4.04,0.06%,
14521,4.03,0.06%,
14522,4.9,0.08%,
14523,4.97,0.08%,
14524,1.09,0.02%,
14525,1.68,0.03%,
14526,1.1,0.02%,
14527,4.4,0.07%,
14528,4.75,0.08%,
14529,1.85,0.03%,
14530,2.61,0.04%,
14531,2.32,0.04%,
14532,2.69,0.04%,
14533,4.25,0.07%,
14534,4.6,0.07%,
14535,2.79,0.04%,
14536,4.84,0.08%,
14537,4.96,0.08%,
14538,2.03,0.03%,
14539,3.15,0.05%,
14540,1.21,0.02%,
14541,1.5,0.02%,
14542,3.89,0.06%,
14543,1.79,0.03%,
14544,3.67,0.06%,
14545,3.44,0.05%,
14546,4.27,0.07%,
14547,3.72,0.06%,
14548,3.97,0.06%,
14549,4.1,0.06%,
14550,4.81,0.08%,
14551,4.43,0.07%,
14552,4.13,0.07%,
14553,2.87,0.05%,
14554,3.77,0.06%,
14555,4.35,0.07%,
14556,3.92,0.06%,
14557,3.96,0.06%,
14558,4.2,0.07%,
14559,1.6,0.03%,
14560,3.44,0.05%,
14561,1.67,0.03%,
14562,1.39,0.02%,
14563,1.28,0.02%,
14564,4.77,0.08%,
14565,4.89,0.08%,
14566,2.9,0.05%,
14567,3.34,0.05%,
14568,4.77,0.08%,
14569,1.48,0.02%,
14570,2.29,0.04%,
14571,3.64,0.06%,
14572,1.23,0.02%,
14573,4.59,0.07%,
14574,1.08,0.02%,
14575,2.45,0.04%,
14576,2.11,0.03%,
14577,4.7,0.07%,
14578,2,0.03%,
14579,4.05,0.06%,
14580,1.57,0.02%,
14581,1.51,0.02%,
14582,2.85,0.05%,
14583,3.02,0.05%,
14584,2.68,0.04%,
14585,1.07,0.02%,
14586,3.48,0.06%,
14587,4.1,0.06%,
14588,4.13,0.07%,
14589,2.92,0.05%,
14590,4.6,0.07%,
14591,2.89,0.05%,
14592,4.26,0.07%,
14593,1.07,0.02%,
14594,4.04,0.06%,
14595,3.18,0.05%,
14596,4.71,0.07%,
14597,2.63,0.04%,
14598,3.66,0.06%,
14599,2.05,0.03%,
14600,2.09,0.03%,
14601,2.12,0.03%,
14602,2.57,0.04%,
14603,4.48,0.07%,
14604,1.79,0.03%,
14605,3.4,0.05%,
14606,2.07,0.03%,
14607,4.54,0.07%,
14608,1.16,0.02%,
14609,4.78,0.08%,
14610,3.77,0.06%,
14611,4.79,0.08%,
14612,1.19,0.02%,
14613,4.17,0.07%,
14614,3.85,0.06%,
14615,3.38,0.05%,
14616,2.99,0.05%,
14617,3.48,0.06%,
14618,2.55,0.04%,
14619,3.74,0.06%,
14620,1.64,0.03%,
14621,1.91,0.03%,
14622,3.61,0.06%,
14623,3.21,0.05%,
14624,1.28,0.02%,
14625,4.04,0.06%,
14626,2.68,0.04%,
14627,3.53,0.06%,
14628,2.87,0.05%,
14629,1.88,0.03%,
14630,2.43,0.04%,
14631,2.66,0.04%,
14632,2.31,0.04%,
14633,4.16,0.07%,
14634,4.69,0.07%,
14635,2.2,0.03%,
14636,4.05,0.06%,
14637,3.62,0.06%,
14638,4.22,0.07%,
14639,3.22,0.05%,
14640,4.56,0.07%,
14641,2.01,0.03%,
14642,2,0.03%,
14643,2.45,0.04%,
14644,3.18,0.05%,
14645,1.64,0.03%,
14646,2.17,0.03%,
14647,1.95,0.03%,
14648,4.55,0.07%,
14649,3.13,0.05%,
14650,4.02,0.06%,
14651,1.58,0.02%,
14652,4.97,0.08%,
14653,4.47,0.07%,
14654,4.49,0.07%,
14655,1.98,0.03%,
14656,4.58,0.07%,
14657,3.67,0.06%,
14658,1.47,0.02%,
14659,2.44,0.04%,
14660,2.7,0.04%,
14661,3.29,0.05%,
14662,3.1,0.05%,
14663,4.98,0.08%,
14664,1.88,0.03%,
14665,1.38,0.02%,
14666,1.36,0.02%,
14667,1.14,0.02%,
14668,3.92,0.06%,
14669,4.28,0.07%,
14670,3.52,0.06%,
14671,3.97,0.06%,
14672,3.89,0.06%,
14673,3.22,0.05%,
14674,1.92,0.03%,
14675,1.93,0.03%,
14676,1.72,0.03%,
14677,4.39,0.07%,
14678,2.38,0.04%,
14679,4.38,0.07%,
14680,4.55,0.07%,
14681,3.85,0.06%,
14682,1.83,0.03%,
14683,4.87,0.08%,
14684,3.57,0.06%,
14685,4.22,0.07%,
14686,3.51,0.06%,
14687,1.7,0.03%,
14688,1.85,0.03%,
14689,4.53,0.07%,
14690,4.97,0.08%,
14691,4.13,0.07%,
14692,4.97,0.08%,
14693,3.08,0.05%,
14694,2.66,0.04%,
14695,1.09,0.02%,
14696,4.46,0.07%,
14697,4.59,0.07%,
14698,4.8,0.08%,
14699,4.7,0.07%,
14700,4.12,0.07%,
14701,4.75,0.08%,
14702,4.1,0.06%,
14703,4.11,0.07%,
14704,2.37,0.04%,
14705,4.65,0.07%,
14706,3.73,0.06%,
14707,4.39,0.07%,
14708,1.85,0.03%,
14709,1.36,0.02%,
14710,1.9,0.03%,
14711,2,0.03%,
14712,1.78,0.03%,
14713,1.86,0.03%,
14714,1.05,0.02%,
14715,2.52,0.04%,
14716,4.02,0.06%,
14717,2.29,0.04%,
14718,3.79,0.06%,
14719,2.17,0.03%,
14720,1.73,0.03%,
14721,1.56,0.02%,
14722,4.69,0.07%,
14723,2.27,0.04%,
14724,2.15,0.03%,
14725,3.01,0.05%,
14726,3.49,0.06%,
14727,2.3,0.04%,
14728,4.27,0.07%,
14729,4.09,0.06%,
14730,4.62,0.07%,
14731,4.22,0.07%,
14732,3.01,0.05%,
14733,3.99,0.06%,
14734,1.09,0.02%,
14735,3.33,0.05%,
14736,2.37,0.04%,
14737,2.46,0.04%,
14738,4.79,0.08%,
14739,2.39,0.04%,
14740,4.32,0.07%,
14741,3.42,0.05%,
14742,2.42,0.04%,
14743,4.11,0.07%,
14744,4.66,0.07%,
14745,1.65,0.03%,
14746,1.68,0.03%,
14747,1.33,0.02%,
14748,2.56,0.04%,
14749,1.06,0.02%,
14750,1.29,0.02%,
14751,2.63,0.04%,
14752,4.09,0.06%,
14753,3.69,0.06%,
14754,2.89,0.05%,
14755,3.04,0.05%,
14756,4.04,0.06%,
14757,3.16,0.05%,
14758,1.79,0.03%,
14759,4.96,0.08%,
14760,1.31,0.02%,
14761,3.54,0.06%,
14762,2.39,0.04%,
14763,1.05,0.02%,
14764,2.99,0.05%,
14765,4.12,0.07%,
14766,1.92,0.03%,
14767,4.02,0.06%,
14768,2.11,0.03%,
14769,2.43,0.04%,
14770,3.36,0.05%,
14771,3.09,0.05%,
14772,2.36,0.04%,
14773,1.8,0.03%,
14774,2.55,0.04%,
14775,2.19,0.03%,
14776,1.15,0.02%,
14777,1.78,0.03%,
14778,2.35,0.04%,
14779,1.32,0.02%,
14780,4.07,0.06%,
14781,2.94,0.05%,
14782,4.17,0.07%,
14783,2.86,0.05%,
14784,4.68,0.07%,
14785,4.33,0.07%,
14786,3.91,0.06%,
14787,2.69,0.04%,
14788,1.67,0.03%,
14789,4.69,0.07%,
14790,2.19,0.03%,
14791,1.98,0.03%,
14792,2.54,0.04%,
14793,4.62,0.07%,
14794,2.84,0.04%,
14795,3.43,0.05%,
14796,3.83,0.06%,
14797,4.2,0.07%,
14798,1.37,0.02%,
14799,1.26,0.02%,
14800,3.05,0.05%,
14801,1.68,0.03%,
14802,2.01,0.03%,
14803,4.64,0.07%,
14804,1.01,0.02%,
14805,2.5,0.04%,
14806,1.91,0.03%,
14807,1.13,0.02%,
14808,2.2,0.03%,
14809,4.13,0.07%,
14810,2.21,0.03%,
14811,1.56,0.02%,
14812,2.78,0.04%,
14813,2.73,0.04%,
14814,1.26,0.02%,
14815,2.39,0.04%,
14816,1.22,0.02%,
14817,2.3,0.04%,
14818,3.82,0.06%,
14819,4.06,0.06%,
14820,2.14,0.03%,
14821,2.2,0.03%,
14822,1.57,0.02%,
14823,2.94,0.05%,
14824,4.99,0.08%,
14825,4.31,0.07%,
14826,1.07,0.02%,
14827,2.32,0.04%,
14828,4.27,0.07%,
14829,1.46,0.02%,
14830,1.81,0.03%,
14831,2.97,0.05%,
14832,3.05,0.05%,
14833,4.75,0.08%,
14834,1.75,0.03%,
14835,3.47,0.05%,
14836,1.8,0.03%,
14837,1.92,0.03%,
14838,1.4,0.02%,
14839,3.66,0.06%,
14840,3.17,0.05%,
14841,2,0.03%,
14842,1.61,0.03%,
14843,4.28,0.07%,
14844,3.14,0.05%,
14845,2.5,0.04%,
14846,3.94,0.06%,
14847,4.21,0.07%,
14848,3.74,0.06%,
14849,3.22,0.05%,
14850,3.17,0.05%,
14851,4.56,0.07%,
14852,4.02,0.06%,
14853,2.79,0.04%,
14854,2.01,0.03%,
14855,4.1,0.06%,
14856,3.4,0.05%,
14857,1.49,0.02%,
14858,4.15,0.07%,
14859,1.7,0.03%,
14860,4.77,0.08%,
14861,3.09,0.05%,
14862,3.17,0.05%,
14863,2.91,0.05%,
14864,4.26,0.07%,
14865,2.97,0.05%,
14866,2.87,0.05%,
14867,4.25,0.07%,
14868,4.57,0.07%,
14869,2.48,0.04%,
14870,3.59,0.06%,
14871,1.23,0.02%,
14872,2.86,0.05%,
14873,4.17,0.07%,
14874,3.45,0.05%,
14875,2.88,0.05%,
14876,2.32,0.04%,
14877,4.72,0.07%,
14878,3.46,0.05%,
14879,4.14,0.07%,
14880,1.07,0.02%,
14881,4.67,0.07%,
14882,4.29,0.07%,
14883,3.06,0.05%,
14884,3.88,0.06%,
14885,1.21,0.02%,
14886,2.77,0.04%,
14887,2.42,0.04%,
14888,1.55,0.02%,
14889,1.81,0.03%,
14890,3.94,0.06%,
14891,2,0.03%,
14892,1.19,0.02%,
14893,3.95,0.06%,
14894,3.97,0.06%,
14895,2.92,0.05%,
14896,1.18,0.02%,
14897,4.72,0.07%,
14898,2.12,0.03%,
14899,1.84,0.03%,
14900,3.17,0.05%,
14901,2.56,0.04%,
14902,2.54,0.04%,
14903,4.3,0.07%,
14904,2,0.03%,
14905,1.79,0.03%,
14906,3.28,0.05%,
14907,4.66,0.07%,
14908,1.25,0.02%,
14909,2.47,0.04%,
14910,4.34,0.07%,
14911,1.91,0.03%,
14912,4.17,0.07%,
14913,1.91,0.03%,
14914,1.26,0.02%,
14915,1.85,0.03%,
14916,4.46,0.07%,
14917,4.78,0.08%,
14918,4.9,0.08%,
14919,2.89,0.05%,
14920,2.63,0.04%,
14921,2.53,0.04%,
14922,4.13,0.07%,
14923,4.37,0.07%,
14924,1.06,0.02%,
14925,4.75,0.08%,
14926,4.03,0.06%,
14927,1.59,0.03%,
14928,1.66,0.03%,
14929,2.33,0.04%,
14930,4,0.06%,
14931,4.55,0.07%,
14932,1.3,0.02%,
14933,4.58,0.07%,
14934,1.44,0.02%,
14935,4.57,0.07%,
14936,1.88,0.03%,
14937,4.39,0.07%,
14938,5,0.08%,
14939,1.64,0.03%,
14940,3.02,0.05%,
14941,1.77,0.03%,
14942,4.17,0.07%,
14943,3.6,0.06%,
14944,2.89,0.05%,
14945,2.67,0.04%,
14946,1.2,0.02%,
14947,4.48,0.07%,
14948,2.89,0.05%,
14949,1.92,0.03%,
14950,4.21,0.07%,
14951,1.28,0.02%,
14952,2.74,0.04%,
14953,3.44,0.05%,
14954,4.82,0.08%,
14955,1.59,0.03%,
14956,2.96,0.05%,
14957,2.12,0.03%,
14958,2.73,0.04%,
14959,1.02,0.02%,
14960,3.44,0.05%,
14961,3.64,0.06%,
14962,2.63,0.04%,
14963,3.8,0.06%,
14964,3.22,0.05%,
14965,1.2,0.02%,
14966,2.22,0.04%,
14967,4.52,0.07%,
14968,2.52,0.04%,
14969,3.41,0.05%,
14970,4,0.06%,
14971,4.98,0.08%,
14972,2.2,0.03%,
14973,4.1,0.06%,
14974,1.93,0.03%,
14975,3.62,0.06%,
14976,1.25,0.02%,
14977,1.54,0.02%,
14978,4.67,0.07%,
14979,3.89,0.06%,
14980,3.26,0.05%,
14981,2.8,0.04%,
14982,1.38,0.02%,
14983,2.85,0.05%,
14984,2.81,0.04%,
14985,3.34,0.05%,
14986,3.95,0.06%,
14987,1.74,0.03%,
14988,2.12,0.03%,
14989,2.58,0.04%,
14990,1.41,0.02%,
14991,1.92,0.03%,
14992,4.03,0.06%,
14993,4.42,0.07%,
14994,1.56,0.02%,
14995,4.21,0.07%,
14996,2.68,0.04%,
14997,4.93,0.08%,
14998,1.48,0.02%,
14999,2.43,0.04%,
15000,2.65,0.04%,
15001,2.78,0.04%,
15002,4.49,0.07%,
15003,4.32,0.07%,
15004,3.05,0.05%,
15005,2.97,0.05%,
15006,1.22,0.02%,
15007,2.32,0.04%,
15008,2.7,0.04%,
15009,3.23,0.05%,
15010,2.06,0.03%,
15011,4.06,0.06%,
15012,4.6,0.07%,
15013,3.23,0.05%,
15014,3.91,0.06%,
15015,3.67,0.06%,
15016,3.87,0.06%,
15017,1.58,0.02%,
15018,4.9,0.08%,
15019,1.68,0.03%,
15020,4.7,0.07%,
15021,4.64,0.07%,
15022,2.74,0.04%,
15023,4.26,0.07%,
15024,2.72,0.04%,
15025,2.67,0.04%,
15026,2.67,0.04%,
15027,2.96,0.05%,
15028,3.84,0.06%,
15029,1.81,0.03%,
15030,3.75,0.06%,
15031,3.14,0.05%,
15032,1.62,0.03%,
15033,4.86,0.08%,
15034,1.12,0.02%,
15035,3.43,0.05%,
15036,2.72,0.04%,
15037,4.65,0.07%,
15038,2.67,0.04%,
15039,3.48,0.06%,
15040,4.83,0.08%,
15041,4.44,0.07%,
15042,2.46,0.04%,
15043,4.71,0.07%,
15044,3.32,0.05%,
15045,4.82,0.08%,
15046,3.93,0.06%,
15047,1.93,0.03%,
15048,4.4,0.07%,
15049,4.91,0.08%,
15050,4.71,0.07%,
15051,3.42,0.05%,
15052,3.27,0.05%,
15053,2.96,0.05%,
15054,1.24,0.02%,
15055,3.43,0.05%,
15056,1.29,0.02%,
15057,3.11,0.05%,
15058,1.84,0.03%,
15059,4.44,0.07%,
15060,1.24,0.02%,
15061,2.66,0.04%,
15062,3.35,0.05%,
15063,1.68,0.03%,
15064,4.44,0.07%,
15065,2.49,0.04%,
15066,1.76,0.03%,
15067,3.89,0.06%,
15068,5,0.08%,
15069,4.48,0.07%,
15070,3.96,0.06%,
15071,2.85,0.05%,
15072,4.16,0.07%,
15073,4.96,0.08%,
15074,1.28,0.02%,
15075,3.3,0.05%,
15076,2.92,0.05%,
15077,1.36,0.02%,
15078,2.81,0.04%,
15079,4.17,0.07%,
15080,1.05,0.02%,
15081,2.5,0.04%,
15082,2.85,0.05%,
15083,2.64,0.04%,
,100.00%,,
